<?xml version="1.0" encoding="UTF-8"?><?xml-stylesheet type='text/xsl' href='_UpgradeReport_Files/UpgradeReport.xslt'?><UpgradeLog>
<Properties><Property Name="Solution" Value="HtmlParser">
</Property><Property Name="Solution File" Value="D:\_dev\do\HtmlParser\HtmlParser.sln">
</Property><Property Name="Date" Value="mercredi 10 janvier 2007">
</Property><Property Name="Time" Value="11:08">
</Property></Properties><Event ErrorLevel="0" Project="HtmlParser" Source="HtmlParser.csproj" Description="Project converted successfully">
</Event><Event ErrorLevel="3" Project="HtmlParser" Source="HtmlParser.csproj" Description="Converted">
</Event><Event ErrorLevel="0" Project="" Source="HtmlParser.sln" Description="Solution converted successfully">
</Event><Event ErrorLevel="3" Project="" Source="HtmlParser.sln" Description="Converted">
</Event><Event ErrorLevel="0" Project="HtmlParser" Source="HtmlParser.csproj" Description="Scan complete: Upgrade not required for project files.">
</Event></UpgradeLog>